图片,商铺名称
./test/1.jpg,长扬汽车修理厂
./test/2.jpg,银阔合地始郡坐
./test/3.jpg,华硕电脑
./test/4.jpg,欧维思
./test/5.jpg,有家烧挡店
./test/6.jpg,宏峰五金建材商店
./test/7.jpg,兰州拉面
./test/8.jpg,9娠岳家也产
./test/9.jpg,超意兴快餐
./test/10.jpg,肯德基
./test/11.jpg,BEIJIA落佳社区超市
./test/12.jpg,泰利送百货商店
./test/13.jpg,周黑鸭
./test/14.jpg,子天肉
./test/15.jpg,兄弟川菜馆
./test/16.jpg,金老三旺菜馆
./test/17.jpg,安和兴宾馆
./test/18.jpg,(A泛华金融服务集国
./test/19.jpg,一品鲜饭店
./test/20.jpg,国农业银行
./test/21.jpg,正新鸡排
./test/22.jpg,联通旗视营业同
./test/23.jpg,尤里造型
./test/24.jpg,张家港市长顺贸易有限公司
./test/25.jpg,舒雅居装饰
./test/26.jpg,量州房产
./test/27.jpg,十杨宗清诊所
./test/28.jpg,上博思特家政服务有限公司
./test/29.jpg,中华联合财产保险公司
./test/30.jpg,IGINDUSTRYINSTITUTE
./test/31.jpg,辅延中心幼儿国
./test/32.jpg,屈既肠佰训学校
./test/33.jpg,二出续教育)
./test/34.jpg,白马井镇中心学校
./test/35.jpg,如家酒店
./test/36.jpg,天连锁酒店
./test/37.jpg,妇
./test/38.jpg,地
./test/39.jpg,福建沙县小吃
./test/40.jpg,化巴萨意式餐厅
./test/41.jpg,博格纳金属材料有限公司
./test/42.jpg,星巴克咖啡
./test/43.jpg,益丰大药房
./test/44.jpg,淋玉平民大药房
./test/45.jpg,鼎兴百货超市
./test/46.jpg,华联超市
./test/47.jpg,海澜之家
./test/48.jpg,杭州银行
./test/49.jpg,职工市
./test/50.jpg,2
